{
    "rmse": 0.6482836729862115,
    "mae": 0.5163152238027312,
    "r2": 0.31729739983675587
}