{
    "rmse": 0.8095605585513762,
    "mae": 0.6719178373471257,
    "r2": 0.03618482087222674
}