{
    "rmse": 0.6974242769156075,
    "mae": 0.5525966510321981,
    "r2": 0.28836127319195226
}